,decile_score
5352,0
6025,0
4996,1
1158,0
6041,0
6134,1
5137,0
3455,0
6341,1
414,1
3950,0
1064,0
5268,0
55,0
2929,0
6239,1
525,0
2766,1
2205,0
6996,0
5006,0
3665,0
2680,0
3728,0
4945,0
5143,0
5910,1
2824,1
1250,0
992,0
3316,1
6454,1
3579,0
6032,0
6753,0
5136,1
5601,0
1315,0
1522,0
908,0
6832,1
219,0
7022,1
5894,0
3169,0
6666,1
862,1
4907,0
5686,1
1380,0
3239,0
4681,0
5382,0
570,0
3676,0
534,0
3474,0
1925,0
6888,1
34,0
921,0
6166,0
6046,0
2232,0
1312,1
116,0
6881,0
3278,0
3914,0
6342,1
2340,1
6619,0
5316,1
2257,0
1007,1
1992,1
1055,1
2536,0
128,0
3327,0
4369,0
6049,0
3434,0
6219,1
1889,0
4355,0
7054,1
5481,1
2961,0
5701,1
2481,0
2032,0
3765,1
6790,1
4800,0
1291,0
1326,0
2278,0
5224,0
943,1
4420,1
1626,0
6989,1
5898,1
7111,1
5054,0
6546,1
6785,1
6806,1
1805,1
3633,1
5720,0
2823,1
4398,0
2375,1
4537,0
5938,1
3525,1
3708,0
2859,0
4886,0
2221,1
6001,1
1420,0
6779,0
2323,0
3315,0
5956,0
5266,0
3456,1
7178,1
610,0
966,0
5982,0
2750,0
519,0
741,0
3040,1
6412,1
1079,0
4173,1
7109,0
1247,0
3546,1
3529,1
1387,0
4034,0
6078,0
1108,0
5727,0
6620,0
15,0
1322,0
5545,1
3179,1
5916,0
758,0
3145,1
3974,1
5575,0
4583,1
1551,0
1979,1
4805,0
6605,0
4585,0
3068,1
2590,0
6569,0
771,0
510,0
2040,1
5674,0
3128,0
7048,0
2934,1
6716,0
4506,1
977,0
1284,1
7062,1
5236,0
5722,1
2714,1
4994,0
1002,0
4319,0
3418,0
6410,0
4717,0
6320,0
6791,1
2484,1
818,0
6171,1
3305,1
224,1
347,1
5881,0
3375,1
6843,0
3500,1
4533,0
1571,0
2567,0
2898,1
3164,0
2625,0
2661,0
3687,0
248,0
3385,0
1763,0
5518,1
4665,1
84,1
6833,0
5243,0
3231,1
3245,0
6855,0
5630,0
6056,0
6738,1
4463,1
1450,0
4473,1
3058,0
1922,0
7061,0
1622,0
6995,0
5899,1
133,0
6107,0
5842,0
1690,1
5262,0
4953,1
1741,0
3650,1
2306,0
597,1
5520,1
6179,0
4979,0
5205,0
3022,1
2186,1
6641,0
305,1
2252,1
420,0
3420,1
3141,1
4007,0
539,1
4059,1
564,0
1317,0
932,1
5070,1
3907,0
5453,1
30,1
3800,1
2932,1
6177,0
2450,0
1514,0
1507,1
273,0
3742,0
5494,0
2194,0
4426,0
6188,1
5663,0
5131,1
4522,1
4782,1
5931,0
718,0
2649,1
5482,0
5132,1
4432,0
3781,1
5826,0
7094,0
5324,0
240,0
408,0
2741,0
976,1
5226,0
3758,0
462,1
3644,0
5455,1
6869,0
3870,0
3142,0
4139,1
4235,0
2556,0
3913,0
1949,1
3118,0
7006,0
5921,0
6984,1
797,0
4338,0
2822,0
1991,0
71,0
1965,0
5473,0
4974,1
3069,0
2209,1
923,1
3543,0
5200,1
6539,1
3848,0
5772,0
5917,0
1598,0
2005,0
5272,0
7179,0
4872,1
1958,0
860,0
5643,0
5457,1
5036,1
6113,0
6067,0
2836,1
1818,1
622,1
3340,1
3188,0
2861,0
1725,0
3541,0
3791,0
6147,0
6606,0
2277,0
937,0
1003,1
4804,0
7121,0
6932,1
1673,0
5617,1
1722,0
2031,1
262,0
5735,1
1515,1
1319,0
687,0
5818,0
1841,0
49,0
4421,1
4091,0
3743,1
5270,0
3786,1
2860,1
6809,1
4728,0
7093,0
3869,1
6304,0
1442,0
4810,1
4708,0
1268,0
844,0
6854,0
5223,1
1770,0
2829,0
788,1
417,0
3989,0
3268,0
5760,1
3575,0
1049,0
1481,0
2098,0
111,0
6452,0
6638,1
2786,1
982,0
1877,1
6271,0
3195,0
3356,0
5980,1
3255,1
4459,0
4964,0
5485,1
387,0
7091,1
2990,0
5948,0
402,0
3282,0
399,0
971,0
5468,1
6208,0
2802,0
4170,1
2792,0
858,1
4724,1
352,1
220,0
5672,0
5215,0
2460,1
629,1
3512,0
6931,0
2604,0
5341,0
775,1
1475,0
3106,1
5209,0
3082,1
3227,1
1050,0
508,0
4966,1
2506,1
5633,0
1688,1
6534,1
1440,1
3733,0
2660,0
3806,0
2091,0
2383,1
4167,1
3581,0
3526,0
5119,0
3654,1
3762,0
5579,1
6905,0
6520,1
6077,0
5953,1
2093,0
1944,0
2870,0
6038,0
1657,0
5208,0
3766,0
6019,1
4336,0
2464,1
228,0
6514,0
1333,1
3324,0
3147,1
2396,1
3334,1
367,0
2459,0
1519,1
81,0
4483,0
1533,0
4651,0
4983,0
2270,0
2201,1
1573,0
968,1
2736,0
1711,1
2410,0
4013,1
286,0
108,0
5833,1
6217,0
6087,0
2698,1
3235,0
2317,0
4250,0
1184,0
2538,1
5645,1
2835,0
2480,0
1769,0
1126,0
4745,0
6247,1
5706,1
1803,1
3485,0
5304,0
5918,1
486,1
1651,1
2888,0
6934,0
3502,0
2100,0
4106,1
6933,1
2000,0
5755,0
1223,0
3378,0
5038,0
2945,0
7068,0
1088,1
6585,0
6137,0
6731,0
748,1
7126,0
586,0
1098,0
491,0
4617,0
5806,0
4511,0
4341,0
3707,0
888,0
2524,0
2307,1
1235,0
5125,1
3662,0
4702,1
6395,1
704,0
5660,0
5332,0
2696,0
1265,0
1938,0
6810,1
3754,1
5283,0
3990,0
769,1
5816,1
1998,0
5553,0
5774,0
6459,0
3862,0
6758,1
3089,0
5993,1
2966,0
86,1
5046,0
4442,0
3626,1
6070,0
5096,1
3392,1
5584,0
4281,1
5135,0
127,0
1196,0
1218,0
3208,1
965,1
7074,1
2400,0
112,0
3817,0
5517,0
4224,1
1628,1
1416,0
735,1
6560,1
1660,1
667,1
639,0
2155,0
1566,1
2866,1
3132,1
59,0
7210,0
5090,0
3115,0
4350,0
1833,0
874,1
5767,0
6512,0
1724,1
2765,1
232,0
2216,1
5312,1
4664,0
936,1
1904,0
6842,0
5021,0
734,1
3150,1
5709,0
4469,0
6024,0
2352,0
5528,0
760,1
6361,0
5461,1
4954,1
1257,0
4997,0
4905,1
142,1
2086,0
3609,0
3046,1
4963,1
5785,0
5139,1
1449,0
3424,0
2181,0
4284,0
6719,0
4003,1
4095,0
156,0
5386,0
5930,0
4955,0
3015,1
5044,0
2023,0
2758,0
602,0
7197,0
72,0
3189,1
1828,0
4653,0
6266,1
4870,0
3249,1
5585,0
3812,1
6068,1
799,0
4541,0
1427,0
144,1
3279,0
1875,0
4912,1
4295,0
3926,1
1426,0
670,0
2197,0
3130,1
647,1
2017,1
1011,0
5443,1
1636,1
5393,0
4053,1
6183,0
5794,0
6340,1
2388,0
846,1
4735,1
3568,0
814,0
5500,0
2081,0
713,1
7106,1
6642,1
5802,0
2753,0
7069,0
5232,1
593,0
6088,1
383,1
4393,1
6072,1
331,0
6190,1
3528,0
1600,1
7009,1
1795,1
4783,1
2690,1
5084,0
2849,0
3883,0
4786,1
5924,0
6993,1
4389,0
1109,0
6505,0
6960,0
356,1
4452,0
2707,0
359,0
78,0
5264,1
864,1
1880,1
6310,1
5780,0
4494,0
1768,0
2571,0
177,0
887,0
4792,0
6339,0
2002,0
6579,0
2607,1
5039,0
200,0
4654,1
448,0
6300,0
2954,0
1005,1
5893,0
6532,1
2283,1
2788,1
5929,0
451,1
3371,1
5599,0
1521,1
437,1
2485,0
1684,1
3354,0
5035,0
5996,0
2090,0
3303,0
3999,0
5497,0
2135,1
5412,1
981,0
3606,0
1404,0
206,0
2545,0
3335,0
1081,0
5624,0
51,0
1483,1
1294,0
1695,0
5859,1
5866,0
3629,0
1402,1
6117,1
4995,0
1219,1
6215,0
361,0
3134,1
1729,0
341,0
4085,0
3098,0
5708,1
2129,1
1496,0
2889,0
3631,0
3240,1
2358,0
6358,1
3936,0
6577,1
3627,0
115,1
3659,0
873,0
6689,1
4775,0
7018,0
7019,0
5074,0
1368,0
1689,0
3641,0
477,0
1116,0
2425,0
5031,1
786,1
261,1
2303,0
2676,0
5596,1
3618,1
4448,0
4815,1
4727,0
909,1
6567,0
3464,1
3959,1
1754,1
2712,1
2550,0
5950,0
6633,0
3561,0
609,1
4184,0
3919,0
4927,0
4545,1
3294,0
671,0
431,0
2881,1
890,0
3374,1
4655,0
5973,1
252,0
3413,0
5725,1
2503,0
4152,0
851,0
3105,0
57,0
5639,0
1039,0
4958,0
608,0
4237,1
163,0
4226,0
7104,0
3103,0
546,0
4096,0
3825,0
702,1
532,0
3342,0
3133,0
376,1
2744,0
4860,1
533,0
6528,0
1042,0
3535,0
6423,0
5362,0
6764,0
1182,0
6600,0
1734,1
6495,1
6197,0
6074,1
5697,0
4464,1
6039,0
6303,1
1520,0
6345,1
6515,1
2238,0
4635,0
6453,0
439,0
2273,0
1361,0
6448,0
3326,0
7105,0
227,0
6192,1
205,1
6685,0
5258,0
6728,0
2605,0
6270,1
7030,1
4233,0
7100,1
1376,0
3341,0
2626,0
5358,0
1953,0
598,1
197,0
2867,0
5658,1
4616,0
6200,1
119,0
3051,1
3955,1
3365,0
2060,0
6435,0
3361,0
1950,0
179,0
5488,1
1863,0
3016,0
4317,0
5831,0
6578,0
3808,1
3896,0
2139,1
5556,0
4260,0
373,0
4293,0
3018,0
3804,0
582,0
242,1
1686,1
1343,1
1018,0
368,0
2169,1
2779,0
2334,0
3637,1
1806,0
984,0
2333,0
3995,1
6831,0
3151,0
3962,0
1813,0
249,0
2297,1
5109,0
2886,0
3358,0
1585,1
2655,1
5506,1
800,0
213,0
5281,1
5088,1
6973,1
335,0
350,0
5396,1
1175,0
2617,1
3221,1
3810,0
5075,0
5771,1
326,0
3457,0
5883,0
6370,0
5815,0
131,0
1635,0
263,1
3993,1
97,0
4244,0
5581,0
544,0
6329,0
651,0
6118,0
6057,0
3981,1
5852,0
3430,1
2517,0
3563,1
4723,0
767,1
833,1
4660,0
2992,0
5083,0
1674,1
1433,1
5492,1
2255,1
3389,0
6703,0
378,0
7200,1
1678,1
3288,1
3635,1
4531,1
4773,0
6040,1
5289,0
5828,0
7213,0
4698,0
804,0
7092,0
5235,0
4752,1
2821,1
392,0
6023,0
4254,0
4277,0
6228,1
2896,0
4898,1
4291,0
4672,0
418,0
1915,1
6400,0
1022,0
3666,1
3265,0
2905,0
2595,1
5649,1
2488,0
2978,1
99,0
4057,0
2202,1
5684,0
6163,1
2946,1
581,1
4566,0
4207,0
3421,1
1495,0
5483,0
3271,1
5952,0
731,1
6161,0
6389,1
4461,0
6754,0
7158,1
7005,0
1661,1
2577,1
3992,0
5367,0
1019,0
2356,0
2902,1
4987,1
427,1
1374,1
6887,0
2987,0
7119,1
2219,0
682,1
3704,0
3393,0
1988,0
1009,0
6250,0
6845,0
5072,1
5577,0
1320,0
1816,0
3407,1
7008,1
7129,0
6093,0
4820,0
4642,1
6359,0
5970,1
6378,0
7108,1
2977,0
6890,0
3030,0
3699,0
6930,0
2409,0
2085,0
4047,1
5162,0
1874,1
2025,0
5636,0
4893,1
576,0
6059,0
1189,0
3890,0
4282,0
2709,0
1665,0
29,1
1316,1
3769,0
1827,0
6415,0
5373,0
514,0
7208,1
3483,0
6104,1
3667,0
3826,0
4063,0
5343,1
5623,0
6944,0
1303,0
3741,0
5337,0
5786,0
230,1
728,0
759,1
5171,0
4161,0
6693,0
396,0
4364,1
4603,1
3845,1
4090,0
568,0
2838,0
845,0
3833,1
2416,1
5194,1
37,0
782,0
5666,1
4307,0
1696,0
4929,0
2960,1
7051,1
2004,0
6959,0
7075,0
5403,1
2665,0
1645,1
4136,1
201,0
636,1
3886,1
5388,1
5417,0
7071,0
792,0
3611,0
2912,0
2132,0
3176,0
2465,0
4425,0
6210,1
2466,0
6714,1
3477,0
1823,0
3921,1
2958,1
426,1
3100,0
5269,0
4443,0
6374,0
5129,1
2784,0
1246,0
2720,0
4386,1
6407,1
2059,0
4082,0
2080,0
1412,0
2204,1
2368,1
2355,0
5840,1
1740,0
394,1
765,1
3520,1
1329,1
3444,1
3664,1
3818,1
5646,1
5191,1
6036,0
1482,0
3757,0
4321,0
3345,0
1788,0
1621,0
5253,0
1212,1
4337,0
5118,1
2957,0
1065,0
5030,0
1969,0
2051,0
4719,1
2039,0
1919,1
4692,0
511,0
2124,1
4357,0
4130,0
4206,1
6823,0
4272,0
2599,1
4020,0
3996,1
6429,0
6015,1
5505,0
6393,0
6961,0
2344,1
4466,0
2602,0
1307,0
5936,0
952,1
4910,1
5225,0
1995,0
3158,0
160,0
5911,1
5313,0
6384,1
1394,1
4245,0
1040,0
3620,1
2856,0
3177,1
5825,1
951,1
1314,0
5678,0
2746,1
6659,0
4637,0
1489,1
1171,0
4002,0
2043,1
3076,0
423,1
5487,1
3052,0
5055,1
1749,0
4823,1
1447,0
5149,0
6506,0
6841,0
6765,0
61,1
3855,0
3399,1
188,0
6334,0
4934,1
1871,1
1737,0
1726,1
5251,1
3135,1
2440,1
4262,0
7115,0
3756,0
517,0
3572,0
4798,1
1870,0
5296,0
1872,1
4021,0
1151,0
1457,1
2747,1
3070,0
5884,0
4427,0
6149,1
2610,0
3461,1
1762,0
531,0
2778,0
4160,0
2840,1
6885,0
3702,1
1826,0
6386,1
1355,0
4801,1
2456,0
1543,0
2367,1
4043,0
6628,0
3718,0
1624,0
4017,0
489,1
1104,0
935,0
3110,0
4077,0
311,0
7086,1
2616,0
764,0
2075,0
4933,0
6537,1
5484,0
6533,0
27,0
1285,0
3516,1
6566,0
132,0
2706,0
3435,1
66,0
1537,0
820,1
6357,1
1446,0
2348,0
333,0
3300,0
5017,0
2151,0
802,0
3877,1
5199,1
3548,0
1345,0
4628,1
6821,0
4882,0
4231,1
5801,0
1580,0
3481,0
5648,0
6870,0
2796,0
135,0
5018,0
7181,1
4027,0
4685,1
4029,1
3325,1
3415,0
5995,1
5922,0
94,1
2316,0
2014,0
6296,0
6761,1
4465,0
2285,0
4877,1
5824,0
5051,1
1893,0
6306,0
5120,1
6742,0
7056,0
6824,1
5493,0
783,1
2570,0
4594,0
6125,0
1205,1
658,1
4675,1
6398,0
1423,0
5908,0
5085,0
1776,0
4376,1
7164,1
5680,1
4906,0
321,0
3337,1
4142,1
2477,1
5432,1
2240,0
6284,1
6142,1
774,0
4842,1
5086,0
4408,0
1181,0
6794,0
2095,0
1456,1
5998,1
4740,0
4778,1
5841,0
7124,0
2561,1
5187,1
1061,0
4559,1
1531,1
6925,1
1916,0
1791,0
973,1
429,0
162,1
360,0
1831,1
1186,0
456,1
3465,0
892,1
4451,0
6221,1
3856,0
5820,0
4948,0
1646,1
3593,1
6180,0
3194,0
2268,0
5448,0
6763,0
6974,1
6151,0
4450,0
4781,1
3153,1
3469,0
68,0
88,0
929,0
2833,1
3692,0
5259,0
917,1
7036,0
7035,0
4592,1
2594,1
3454,0
3273,1
4329,0
3514,0
4296,0
5863,0
1063,1
2544,1
6245,1
2704,0
6768,0
1477,1
2924,0
6653,0
4411,1
1392,0
5410,0
5886,1
524,0
1643,0
3752,1
4083,0
6886,1
1249,1
6456,0
5516,0
3761,0
1663,0
2782,1
5087,1
7202,0
3453,0
4513,0
5050,0
1767,0
3847,1
4747,1
2361,1
5452,1
5421,0
5445,1
6349,0
5434,1
4280,0
8,0
2913,0
798,0
2280,0
5425,0
6649,0
4119,0
5525,0
4638,0
3056,0
4396,0
6644,0
1261,0
4597,1
2623,0
1732,0
6327,0
2218,0
7078,0
2374,1
6451,0
5533,1
3122,0
2891,0
4298,0
1337,1
1717,0
3894,0
6535,0
4491,0
6432,1
265,0
6702,0
56,1
676,1
1455,0
5472,0
7001,1
6477,0
2670,0
4875,1
322,0
1305,0
2699,0
5664,0
2271,1
461,0
1999,0
1917,0
5832,1
3187,0
3694,1
7161,0
1839,0
3241,1
7083,0
247,1
1062,0
1516,1
6086,0
4759,0
2162,0
2926,0
5897,1
4485,1
1129,0
2105,0
2451,0
3174,0
398,1
4126,0
4794,0
3700,0
2882,0
2083,1
5059,0
4159,0
5010,0
5541,0
5843,1
4343,0
4645,0
3396,0
5703,0
2010,0
5495,1
2903,0
1605,0
204,0
1004,1
5300,1
7003,1
6277,0
4225,0
2292,1
6272,1
4147,0
2390,0
4790,0
5273,0
21,1
0,0
2546,0
1595,1
5353,0
5371,1
3313,0
3903,0
471,1
6159,0
4133,1
5692,0
2128,1
6133,0
6382,1
950,0
1850,1
5462,0
2113,0
2668,0
5060,1
5694,0
4814,0
5438,1
4066,0
6211,0
4768,0
6684,1
5257,0
5971,1
5037,0
5157,1
655,1
1370,0
1429,0
3865,0
1557,1
4070,0
4143,0
825,1
3171,0
5151,0
2167,0
5279,0
4772,1
1710,0
6034,0
6665,0
3544,0
1016,0
5502,1
1935,0
2508,0
4868,1
6321,1
1751,0
4156,0
855,0
6776,1
4324,1
3071,1
2272,0
3885,0
1313,0
5846,0
6443,0
2808,1
1400,1
2357,0
229,1
1782,1
5758,1
681,0
2490,0
1681,1
902,0
6867,0
2809,0
7150,0
2166,0
153,1
210,0
6436,0
4700,0
4405,1
3026,0
4468,0
4149,0
3113,0
6692,1
2433,0
776,0
2225,0
5285,0
3055,0
2598,0
6834,0
2791,0
1701,0
411,0
4446,0
2962,0
853,0
5668,0
1155,0
3570,0
6807,1
2261,0
5288,0
6936,0
1526,0
5014,1
6634,1
778,0
2102,1
6962,0
6555,0
580,0
3844,0
5061,0
6157,0
4793,0
6654,1
6099,1
1282,0
6816,1
819,1
1504,0
5567,1
1908,1
3005,1
5032,0
4874,0
77,1
4505,0
3723,0
2656,0
5067,0
3871,1
5671,0
954,1
1445,0
1971,0
6021,0
3364,0
6755,1
2775,1
3755,0
4924,1
2942,1
5586,0
3197,1
7020,1
6971,0
5315,0
1352,1
472,0
6660,0
4475,0
918,1
6170,1
4812,1
1642,0
1951,0
6121,1
2597,0
1159,1
2733,1
1525,1
3980,0
5351,1
5350,0
95,0
6945,1
4303,0
5629,1
4827,0
5667,1
6084,0
3405,1
502,0
6233,0
2235,0
6544,0
1800,0
5102,0
1842,1
5317,0
3230,1
978,1
590,0
4051,0
165,0
5946,0
3054,1
4564,0
1620,1
5595,0
7079,0
2652,0
6674,1
1346,0
2642,0
4544,0
2099,1
4480,0
650,1
542,0
2372,0
1113,1
3976,1
3854,1
628,1
4743,0
2147,0
4939,0
6353,1
5734,0
5594,0
1884,0
2619,0
754,0
6975,1
1143,0
6751,0
4573,0
1978,1
2630,1
4959,0
6493,0
4111,0
183,0
2686,1
4353,1
4883,1
1286,0
4620,1
2715,0
3452,1
6090,1
348,0
1087,0
3414,0
4424,0
6073,0
3383,0
6194,1
6942,0
6829,0
3518,0
6428,1
4144,1
7117,0
1105,1
2761,0
5721,0
6366,0
6737,0
1996,1
6798,1
4975,1
4377,1
4856,0
6269,1
1166,1
2138,1
5747,0
3912,0
6894,1
1162,0
6903,0
4037,0
6568,0
5847,0
6081,1
4322,0
1731,1
5458,1
4536,1
7034,0
1713,1
1639,0
319,0
3229,0
4193,0
3162,0
6000,1
1084,1
6876,0
4000,0
2817,1
2551,1
4694,0
297,0
1876,1
2066,0
7026,1
4855,0
1077,0
4714,1
323,1
787,0
4785,0
2241,0
5731,1
6943,0
1363,0
6632,1
5913,0
6949,0
5395,0
3166,1
3039,0
6091,0
2092,0
2830,1
3531,0
6291,0
2701,1
3957,0
808,0
2246,0
6797,1
724,0
3599,0
4209,1
3746,0
2654,1
7040,1
2968,0
44,1
2228,1
1940,1
5638,1
313,0
3433,0
2853,1
990,1
3309,1
7047,1
6105,0
4977,1
4488,0
1452,0
1334,0
4313,0
2309,0
659,1
1056,1
3065,0
3682,1
569,0
2588,0
1552,1
4124,0
2997,1
10,0
2710,0
6098,0
5256,0
5177,1
6325,0
1704,1
1417,0
2844,0
3107,1
2130,0
3200,0
905,0
2662,0
1198,0
4863,1
3709,1
4283,1
2339,1
1502,1
2094,1
5106,0
528,0
1032,0
6226,0
6424,0
3202,0
3573,0
913,0
3111,0
7017,0
2055,1
2494,1
4530,0
3275,1
2841,0
7049,0
6205,1
1035,0
4151,0
1288,0
6276,0
4957,0
627,0
5271,0
2857,0
5835,0
5290,0
3057,0
5905,0
2679,1
2029,1
721,0
673,0
5789,1
1548,0
412,1
695,1
6319,0
751,0
515,0
2234,1
3763,0
113,0
3927,0
4234,1
4178,1
6878,0
2428,1
1812,0
3963,1
4967,1
5730,0
4115,0
1786,1
1140,0
6333,0
623,0
207,1
2894,0
5419,1
5728,0
3519,0
6900,1
675,1
6238,0
700,0
5978,0
3588,0
5796,0
2785,0
3590,0
6778,1
5415,0
4507,0
5043,1
2584,0
4479,0
2919,0
5949,0
457,0
997,1
2206,1
441,0
5652,0
5081,0
6253,0
6209,1
7166,0
1306,1
4489,0
2769,0
5787,0
1568,1
2565,0
6627,0
6502,1
6187,1
2628,1
5605,1
6997,0
1383,1
3832,0
4520,0
7059,0
1672,1
3156,0
6467,0
4109,1
4609,0
5977,0
1721,0
1025,0
2689,0
3102,0
6399,0
6234,0
1471,0
7070,0
980,0
5868,0
686,1
241,0
1932,0
2366,1
3807,0
1057,1
745,0
5551,0
4567,0
2318,1
193,0
5164,0
4901,1
6484,0
4340,0
730,0
1027,0
1683,0
3488,0
6267,1
646,1
6312,0
6556,0
6065,0
4973,0
4030,1
4643,0
5851,0
5874,0
3351,0
2183,1
3123,0
3965,0
6631,0
755,1
4704,0
1195,0
3943,0
7055,0
752,0
5431,1
5888,1
5399,1
2703,0
5009,0
3684,0
5944,1
2461,1
4339,0
2296,0
1615,1
6680,0
1075,0
6601,0
645,1
1703,0
3289,1
3060,1
2230,0
3238,0
2381,0
2693,1
2213,0
1933,0
1149,0
6940,1
2462,1
6258,0
5491,0
6475,1
7167,1
974,0
4071,0
710,0
2559,1
5726,0
4345,0
6182,0
1862,0
6126,0
4422,0
6683,1
1267,0
2084,1
6939,0
1509,0
6392,0
6893,0
6860,0
2154,0
6092,0
1207,1
1146,0
1558,0
4125,0
560,1
3295,0
5389,0
1942,0
6709,0
6150,0
2963,0
4547,0
4333,1
4508,1
1616,0
867,0
7084,1
4273,1
1017,0
3489,1
1348,1
1180,0
1570,0
637,0
1299,0
1339,0
7002,1
4746,0
2643,0
5813,0
3971,0
3476,1
69,0
3813,0
2582,0
2274,1
6554,0
7127,0
6948,0
3298,0
6235,0
5460,1
1275,0
7170,1
6629,0
5142,1
4577,0
6124,0
3085,0
5764,0
4397,0
5192,0
1102,0
1277,1
223,0
4587,0
4965,1
2448,0
2631,1
4543,0
7063,0
2376,1
4682,0
1756,0
5524,1
4892,1
270,1
1200,1
3031,1
2262,0
5064,0
6963,0
1648,0
2552,1
822,0
1331,1
3841,0
1290,0
5696,0
2088,0
3091,0
3621,0
6132,1
5404,0
4093,0
1948,0
1229,1
6002,0
2641,0
4657,0
7134,1
377,1
3109,0
2669,0
4550,0
5144,0
2986,0
1664,1
1228,0
2531,0
3499,0
3673,1
5988,0
2062,0
6364,1
4859,1
6050,0
4470,0
2955,1
6368,1
1024,0
5311,1
6328,0
1772,0
6774,0
2254,1
530,0
4276,0
4414,0
7169,0
4477,1
3811,0
432,0
2558,0
1342,0
5797,0
3744,0
5740,0
4033,0
2526,1
2148,1
1248,0
2883,0
25,0
2424,0
1945,0
6786,0
5196,1
3223,1
1619,0
5849,0
2892,1
2726,0
543,1
1264,1
102,0
1682,0
4604,0
5293,1
340,0
2909,0
545,1
250,1
3036,0
4368,0
6976,0
3410,0
3027,1
1607,0
279,0
7185,0
705,0
6356,0
2632,1
5845,0
2671,0
780,0
7163,0
2673,1
4024,0
6808,0
5184,1
4539,1
6587,1
4068,0
6743,0
4220,0
3506,0
6402,0
911,0
2980,0
5342,0
5375,0
5261,0
5188,0
5927,0
6980,0
805,1
4438,0
4777,0
3795,0
2054,1
2353,0
5568,0
3328,0
4328,0
3554,1
2543,0
4648,1
2170,0
572,1
1985,0
2609,0
4073,0
6858,0
2716,1
914,0
614,0
616,0
6538,0
3449,1
5620,1
5793,0
2815,1
2583,0
5416,0
912,0
5627,0
5864,0
1777,0
2208,0
768,0
2572,0
2114,0
440,0
6286,0
4596,0
139,0
449,0
259,1
2593,1
5469,1
1897,0
3382,0
5153,0
6918,1
4252,0
1136,0
6489,1
2940,0
6780,0
5479,1
5550,0
430,0
4806,1
1466,1
3994,1
6438,0
2832,1
6720,0
4325,0
6080,0
2560,0
4866,0
3011,0
4012,1
2391,1
6120,0
904,0
1511,0
6640,1
4172,1
6836,0
3035,1
6599,0
1662,1
1453,1
4712,1
516,0
1968,0
3858,0
436,1
4606,0
276,1
6127,0
172,0
6324,0
3617,1
5677,0
4163,0
482,0
6675,1
4323,0
4054,0
2453,1
101,0
4188,0
3828,1
985,0
1220,0
6336,0
5193,0
6861,0
3503,0
6344,1
3083,0
4629,0
4659,0
1001,0
3521,0
90,1
3508,0
2629,1
7073,0
6591,1
6643,0
889,0
4936,0
3930,0
920,0
2667,0
4528,1
7207,0
5984,0
5733,1
4251,0
5377,0
4633,0
2548,0
503,1
467,1
5363,0
6819,1
2620,1
120,1
3136,0
6603,1
7132,0
2426,0
4854,0
4097,0
2287,0
1715,0
5183,0
2076,1
3857,1
872,0
6243,1
4482,0
6911,0
1869,0
5570,0
2033,0
6877,1
5606,0
215,0
2103,1
2763,0
2276,0
827,0
2862,0
6804,0
583,0
5597,0
548,0
5141,0
6224,1
203,1
2373,1
6924,0
4404,0
6411,0
2975,0
7156,0
2359,0
2645,1
3613,0
2478,0
1052,0
1700,1
2242,0
4150,1
3167,0
6033,1
4288,0
869,0
2683,0
2873,0
4445,1
4562,0
5885,0
1422,0
600,0
4351,0
7053,0
4560,0
2072,0
6536,0
1824,0
3551,0
5420,0
2578,1
3010,1
5401,0
2398,0
898,0
7037,1
4415,0
4332,0
1774,0
3670,0
4400,1
7023,1
500,0
145,1
6220,0
4578,0
3851,0
953,0
1647,1
1625,1
2519,0
6061,0
1855,1
1929,0
2107,0
3900,0
6946,1
6408,1
474,1
3690,0
2705,1
1034,1
4175,1
7175,0
1393,1
1589,0
4795,1
7194,0
2498,0
1163,0
538,1
1745,0
1276,0
2289,0
6193,1
812,0
6722,1
2847,0
757,1
2806,0
3312,1
2293,0
4146,0
4802,0
3584,0
5322,1
5383,0
3182,0
1280,0
5334,1
6879,0
4951,1
2210,0
5405,0
464,0
2923,0
2171,0
3559,0
4925,0
4222,0
986,0
638,0
4359,0
106,0
4308,0
6862,1
4521,1
5710,1
2324,0
3796,1
6155,0
3689,0
6724,0
6958,0
5228,0
3479,0
4062,0
2964,1
6445,0
1970,0
1242,0
3462,0
2300,0
2965,0
5286,1
5895,1
4833,1
285,1
4989,0
5423,1
1341,0
3379,0
2120,1
5957,0
194,1
5429,0
6866,0
6799,0
5309,0
5392,0
5190,0
320,1
4486,1
2351,0
2127,0
3835,0
4750,1
3493,1
5113,0
3408,1
5148,0
6621,0
1680,1
473,0
4850,0
6014,0
1111,0
3607,1
4574,0
3674,0
6426,0
5919,1
6914,0
6496,0
3779,0
2143,1
1706,0
701,1
3199,1
46,1
661,0
5799,0
5229,1
575,0
293,1
3714,0
1572,1
4830,0
4981,0
4689,0
480,0
1694,0
316,0
5574,1
4145,1
6582,0
1986,1
4079,0
2027,1
1419,1
972,0
2188,0
2925,1
3534,1
6264,0
2360,1
4828,1
409,0
5013,0
1883,1
3280,1
5822,0
6782,0
565,0
4526,1
4361,1
7148,1
3269,1
1792,0
4241,0
5356,0
6388,0
6700,0
6796,1
933,1
2074,0
6446,0
3545,0
2874,0
4722,1
5210,0
5688,1
5829,1
6757,0
434,0
7138,1
6486,0
5741,0
6676,1
3006,1
5022,0
6622,0
3612,0
6657,1
2467,1
747,0
2921,0
3129,0
5204,0
5276,0
5100,1
2737,0
5512,0
4238,1
4534,0
4878,0
1759,1
2818,1
4525,1
1451,0
3125,1
3302,1
6595,0
5717,1
5357,0
3587,1
6154,0
7140,1
2038,1
3310,1
4928,0
2900,1
3008,1
6066,1
5566,0
832,1
3571,1
6143,1
5490,0
83,0
6760,0
1405,1
3050,0
1332,0
1460,0
6457,0
6803,0
3925,0
4687,1
1857,0
4558,0
4365,0
1576,0
7196,0
521,1
1301,1
3094,0
5066,1
766,1
1821,0
5466,0
5489,1
3347,0
4108,1
5174,0
744,1
1469,1
5655,0
567,0
1866,0
1718,0
3564,0
5535,1
3831,1
4314,1
4851,1
5065,0
3775,0
1269,0
3086,0
1952,0
2843,1
6071,0
3628,0
4649,0
6449,0
6857,0
5110,0
5705,0
1655,1
2165,0
2111,1
4621,0
1733,1
40,1
526,0
2767,1
4279,1
3721,1
1513,0
5331,0
4005,0
2505,0
3093,0
4697,0
6979,0
1976,0
5227,1
1989,1
5305,0
5968,1
4255,0
444,0
5527,1
164,0
6733,0
7015,1
839,0
3732,0
6354,0
5033,0
481,0
23,0
1187,0
2828,0
2982,0
2804,0
5784,0
47,0
3321,0
3949,0
3542,0
3939,0
14,0
1391,0
2286,0
2930,0
3359,1
4514,1
1215,1
4496,1
3505,0
1134,1
3388,0
3533,1
3909,0
5079,0
863,0
1692,1
3373,0
4661,0
1069,1
6010,0
4788,1
6678,0
5625,0
3256,1
1912,1
7114,1
956,1
1606,0
4346,0
6479,0
995,0
1183,1
5346,0
4816,1
1928,0
1960,0
3715,1
5756,0
1582,0
5622,0
3780,0
5058,1
6849,0
3782,0
5892,0
828,1
5743,0
3850,1
4302,1
2825,0
1559,1
6729,0
5906,0
6017,0
1167,1
6772,0
6462,0
5964,0
4737,0
4088,0
2899,0
4523,0
1414,0
4891,0
1787,0
2112,1
1201,0
150,1
1603,0
5536,1
1043,0
3277,1
6048,0
6880,0
6173,0
3803,1
1424,1
4518,1
6471,0
4758,0
6160,0
1458,0
2677,0
3220,1
332,1
1225,0
1448,0
1193,1
4472,0
2967,0
5020,0
1253,0
5339,1
338,0
1237,0
1547,1
1144,0
2793,1
5749,0
2275,0
5159,0
1499,0
732,1
6301,1
2046,0
1634,0
5861,0
1859,1
1947,0
4179,1
2759,0
2589,0
7172,1
3720,0
3736,0
1535,0
678,1
2768,0
1506,1
6766,0
5960,1
2341,1
3097,0
324,1
743,0
5766,0
3610,0
4065,1
6285,0
4705,1
2401,1
5089,1
5656,1
2479,0
31,1
2394,0
4586,0
6524,0
3764,0
4457,0
151,1
5364,0
7088,0
16,0
6607,0
1794,1
2773,0
3578,0
4684,0
2745,0
446,0
5763,0
6186,0
1101,1
6915,1
2518,0
4208,0
6548,1
6058,0
4243,1
624,0
4349,0
1494,1
5007,0
1638,0
4688,0
5128,0
2110,1
3494,1
1693,0
5376,1
7039,1
4454,0
1498,0
2012,1
1124,1
5325,1
6750,0
6362,0
478,0
2430,0
6863,0
2322,0
186,0
4540,0
1054,0
422,0
4834,0
885,1
3486,1
7182,1
3428,0
375,0
779,0
2335,0
4292,0
369,0
2738,1
2764,0
4335,1
4447,0
2259,1
4018,0
878,1
4259,0
5231,1
1491,0
5459,0
7028,1
4213,0
2502,0
4811,0
605,1
6444,0
484,0
6004,0
7187,0
7135,1
6237,1
244,1
541,1
2411,1
2848,1
302,0
6317,1
1308,0
5837,1
2013,0
4563,0
840,0
653,1
1691,1
2657,0
3683,1
6898,0
2256,1
749,0
380,0
6788,0
506,0
5340,0
121,1
3566,1
4956,1
2541,1
2009,0
104,0
2622,0
3716,0
5368,0
2288,1
4731,1
3343,1
1,0
5069,0
1096,0
6164,0
3193,0
699,0
5391,0
3446,0
2868,1
1856,1
6013,1
251,0
910,1
4101,1
6369,0
2397,0
6543,0
1844,0
196,0
4177,1
6287,0
6868,1
2364,0
329,0
4509,1
4876,1
5750,1
4429,1
469,1
689,1
7193,0
6704,1
6909,0
613,0
2071,1
2200,0
4634,1
3917,1
2636,0
3774,0
621,0
3459,0
5221,0
4551,1
817,0
6830,0
5189,0
4253,0
1245,0
698,0
611,1
3960,0
4305,0
5933,1
1890,1
4229,0
6895,1
2125,0
924,0
925,0
5923,0
2176,1
2326,1
3783,0
4217,0
1090,1
4632,1
6712,1
4889,0
4709,0
4818,0
1169,0
5555,0
4050,1
6593,0
4419,0
6044,1
3623,1
3695,0
3747,0
5807,0
1298,0
5986,0
3338,1
1038,1
7122,0
6314,1
607,0
6671,0
1707,0
4162,1
4228,1
2936,1
3511,1
4677,1
7077,1
1058,0
32,1
2937,0
2846,0
893,1
4384,0
342,1
806,1
2760,1
5791,1
6184,0
24,0
3233,1
1037,0
1070,0
1234,0
1490,0
5344,1
6230,0
334,0
2447,0
1465,1
2794,0
674,1
1687,0
4554,0
1467,1
4132,0
2944,0
1192,0
5302,0
6236,0
2422,1
5685,1
1987,1
6214,1
2331,1
355,0
1822,1
2362,1
696,0
3897,0
2820,1
2497,0
4676,0
6305,0
4378,1
4114,1
3192,0
5274,1
6571,1
6580,0
657,1
2893,0
4375,0
5012,0
5928,1
2016,1
3053,0
5939,0
2003,0
2507,1
3790,0
2795,1
5040,1
1512,0
6131,1
6439,0
4588,0
5440,1
1873,0
6375,0
2534,0
2810,1
381,0
6610,1
3643,1
4721,1
928,0
3539,1
2011,0
3968,1
41,0
5308,0
1066,0
4644,1
4838,1
1152,0
1164,1
5879,1
1666,0
1836,1
4840,1
5745,0
4990,0
1594,0
6851,0
1168,1
3149,1
1931,1
1517,0
4311,0
1623,0
2269,0
5456,0
6062,0
3701,0
2384,0
1044,0
4765,0
4978,0
2,0
2475,1
994,0
3217,0
2890,0
2245,0
1878,0
2244,0
6805,0
3216,1
852,1
62,0
2109,1
4492,0
2994,1
3285,0
1097,0
5937,0
960,0
5053,0
3983,0
1632,0
4174,0
1036,0
2191,0
13,0
4004,1
1720,0
940,0
5661,1
4763,0
2474,0
6079,0
7155,0
2615,0
1137,1
5247,0
3087,1
829,0
512,0
5126,0
170,1
2387,1
6203,0
1377,1
4105,0
2405,0
4399,1
3078,0
5233,1
5178,0
5739,1
6218,0
5095,0
2842,1
1485,1
2079,0
4117,0
327,1
294,0
7007,0
5336,0
2386,0
5689,0
947,0
4453,0
5844,0
2118,0
5078,0
2885,0
641,0
3793,0
866,1
374,0
4127,1
1338,1
7110,0
4813,1
3252,0
1074,0
4202,0
4624,1
43,0
5206,0
5003,0
3498,0
7198,0
3131,0
3773,1
1396,0
726,1
7089,0
1723,0
5250,0
3567,1
1091,1
2837,0
6511,0
5830,1
963,0
1790,0
3439,0
4949,0
742,0
5173,1
4502,1
465,0
5077,1
7041,0
4666,0
475,0
5613,0
3934,1
54,0
6929,0
7113,1
4264,0
4362,1
7012,0
2839,0
2056,1
6982,0
5900,0
4755,1
407,0
258,0
4290,1
1574,0
6602,0
4546,0
4261,1
395,0
3522,0
7090,0
3649,1
6985,0
2722,0
4909,0
4158,0
1714,0
202,0
4916,1
6035,1
4180,0
4941,0
5871,0
5932,0
1100,1
70,0
1459,1
6018,1
2487,1
1793,0
180,0
566,1
5207,1
4575,0
2070,0
879,0
2096,1
5254,1
5669,1
3183,0
5817,1
4904,0
1565,0
6405,1
3349,0
222,0
1344,1
2415,1
6037,0
175,1
4826,0
3938,0
5593,1
3363,1
4417,1
1629,0
6826,0
5958,0
4249,0
6488,1
5602,0
3549,0
3484,0
6257,0
2008,0
3466,1
536,1
720,0
4988,0
5642,1
7211,0
2434,1
4742,0
5850,0
1909,0
5465,0
6307,1
45,1
2452,0
4581,1
2547,0
85,0
6734,0
7120,0
3121,1
3722,0
2437,1
523,0
2408,0
2976,0
1529,0
4023,0
1532,1
283,0
6003,0
3048,0
5384,1
3017,1
3838,1
3729,1
4614,0
3251,0
5647,0
4937,0
2471,0
3146,1
3242,0
5471,1
1630,1
6783,0
6531,0
1505,0
7076,1
1830,1
6525,1
3734,0
5330,1
5607,0
6777,0
5657,0
4212,0
2251,0
604,1
4887,0
1536,0
1067,0
4049,0
4326,0
4961,0
3697,0
2574,0
906,0
5166,0
1106,0
957,0
5002,0
195,0
5306,0
4658,0
2973,0
6892,1
1541,0
6557,1
6005,0
6708,0
3859,0
3872,1
393,1
2916,1
6770,0
5146,0
969,0
3608,0
4061,0
6309,1
63,0
4757,1
4048,1
2231,0
1739,1
5691,0
5718,0
4857,1
3906,1
5754,0
1110,0
3852,0
2533,0
6096,1
3583,0
899,0
6792,0
4099,0
343,0
7131,1
5277,0
6401,1
2734,1
3190,0
2441,1
3970,1
848,0
1118,1
6273,0
2648,1
1170,1
3760,1
2067,1
6387,1
5163,0
2026,1
410,1
4334,0
4962,0
811,1
4026,1
5773,0
1141,0
6820,0
2579,0
3185,1
5557,0
6338,0
6604,0
4183,0
5612,0
2338,0
4822,0
5559,0
5909,0
6290,0
5803,1
6844,1
5880,0
4219,0
6586,1
7183,1
5934,0
459,0
6280,0
6935,0
632,0
6741,0
5878,0
4926,0
4113,0
238,0
1564,0
4107,0
3180,0
5877,1
5439,1
4703,0
2174,0
6853,1
3369,1
3552,0
1421,0
1936,0
4006,0
4076,1
3357,1
2104,0
4440,0
3945,0
3944,1
4140,1
6315,0
4045,0
714,0
3582,0
6262,0
148,1
4527,0
3445,0
5197,0
4138,1
3205,0
964,0
1930,0
1165,0
3839,0
7171,0
2563,1
6655,0
2863,1
433,1
2756,1
415,0
948,0
5615,0
3751,1
6175,0
6923,0
3893,0
4807,0
2482,0
2152,0
926,0
7141,0
3139,1
110,0
4940,0
4394,1
3390,0
2781,0
5966,0
7103,1
3778,1
6416,0
3348,0
3417,0
2187,1
5380,1
2179,1
3104,1
2624,0
2740,0
1117,0
3596,0
1325,0
3045,1
2580,0
496,0
1076,0
1474,0
562,0
2389,1
1418,1
3080,1
6950,0
2313,0
3642,0
4699,1
2522,0
4318,1
5744,0
2346,0
4718,0
7080,0
3580,1
1468,1
2568,0
3184,0
1174,0
2566,0
5450,0
6006,0
4401,0
4215,1
5499,0
1549,1
2185,0
2749,1
2869,0
2504,0
1262,0
7159,0
4943,0
3073,0
89,1
3397,1
5631,0
1545,0
6283,0
1023,1
4498,1
6907,0
3480,0
3972,0
3004,0
7072,0
3092,1
4137,0
447,0
2239,0
5172,0
6223,1
6293,0
4711,0
1886,0
1323,0
4306,1
4094,0
7025,0
3472,0
2343,0
7154,0
6255,1
2787,0
1575,0
385,1
1905,0
4348,1
2418,0
2596,0
1967,0
315,0
6789,1
2393,0
5590,0
1053,0
4381,0
2379,0
4952,0
2248,0
2145,0
1852,0
5154,0
5549,0
6647,1
5430,1
4922,1
5397,0
268,0
849,1
6464,1
1349,1
3243,0
989,1
5016,1
5889,0
2991,0
3437,0
138,0
761,0
5,0
4880,0
552,1
7,0
1073,0
3043,0
5056,0
1260,1
3038,1
292,1
6263,0
1371,0
3367,1
4371,1
2813,0
4123,1
4010,1
3007,0
1887,0
6964,0
2725,0
3181,1
6323,1
1542,0
4044,0
4455,1
6721,0
2770,1
2320,0
4120,0
2069,1
3219,0
6730,1
2897,0
4686,0
5508,1
1757,0
4920,0
2530,0
1381,0
6516,0
277,1
76,0
1885,0
3842,0
4214,0
5402,1
147,0
1523,0
2321,0
6517,1
6458,1
2435,0
5345,1
3615,1
6241,0
3918,0
6433,1
3281,1
1072,1
1937,0
5985,0
5989,0
5812,0
5390,0
435,1
3846,0
2493,1
4825,0
5333,1
620,1
5632,0
65,1
753,0
364,1
3248,0
1501,1
5510,0
2412,0
6009,1
5175,1
4267,1
4849,1
3377,1
4915,0
6045,0
2674,0
2647,0
6119,1
2687,1
2061,1
6069,1
2310,0
6249,1
3651,1
2807,0
617,0
4552,1
6736,1
5486,1
6347,1
3658,1
4865,1
2312,1
789,0
4899,0
784,1
6337,0
2215,0
3821,0
337,0
2020,0
3460,0
5202,0
1051,0
7000,0
891,0
2237,1
4729,0
4467,1
4843,0
4462,1
5029,0
3041,0
4873,0
3553,0
4192,0
3323,0
4072,0
161,1
5714,0
2553,0
2496,1
3719,1
5670,0
5407,0
5974,1
6274,0
4986,0
5076,0
1563,0
2369,0
5301,0
2908,1
1597,1
1561,0
7112,0
2521,1
5284,0
2489,0
5454,1
4656,1
1472,1
3836,0
3954,0
3299,1
5509,1
2168,1
5675,1
3560,1
463,1
282,0
1274,0
2330,0
5097,0
4630,1
901,0
2537,0
5287,1
791,1
301,0
1854,0
4008,0
2443,1
2140,0
6687,1
6906,0
5303,0
841,0
6420,0
6972,0
2403,1
6148,1
4888,1
5618,0
3198,0
7010,1
1716,1
1961,0
3237,0
2350,0
5335,0
5381,1
479,1
458,0
6472,1
2523,0
1924,1
6618,0
5589,0
4582,0
6232,0
4867,0
5777,0
6260,1
266,0
2569,1
3672,0
5217,0
2141,0
6637,0
5987,0
5804,1
931,1
3368,1
12,0
2282,0
2156,0
5611,1
310,0
5234,0
6500,1
1861,1
3470,0
1078,0
6373,0
2938,1
5865,0
6212,0
4416,0
5651,0
4841,1
5795,1
3263,0
635,0
3225,0
6481,0
6592,0
1354,1
5990,1
5216,1
785,0
3538,0
428,0
5914,0
3322,1
3267,0
1590,0
5994,1
555,0
3175,0
3898,0
4257,1
1640,0
4197,0
6465,1
6146,0
3956,1
1476,0
4118,0
1470,0
6246,0
6938,1
5025,0
3843,0
3443,1
4885,0
6152,1
5737,0
2172,0
6759,0
7031,0
2470,1
155,1
6115,1
5872,1
1082,1
958,0
6553,0
1801,1
1431,0
594,0
5011,0
2345,0
3600,0
2298,1
1627,0
1046,1
5752,0
537,1
6698,0
4342,0
6669,1
5665,0
5547,0
4993,0
4128,0
4839,0
4221,0
838,0
4897,1
2591,0
6191,0
3432,0
2126,0
4089,0
3678,0
2144,0
1366,1
1556,1
5042,0
601,1
1975,1
587,0
6542,1
2178,0
1631,1
4354,0
2799,0
6476,0
3787,0
1815,0
1434,0
3148,0
3509,0
6441,0
1406,1
6181,0
1817,1
3860,0
3892,0
2974,0
1120,0
5662,0
5062,1
859,0
7204,0
1367,0
6697,1
3853,0
3497,1
6195,0
6027,0
2527,0
1259,1
3067,0
1379,1
3772,0
4256,0
3448,0
5244,1
3677,1
5814,1
168,0
7151,0
4189,1
5775,0
3266,0
843,0
2136,1
2931,1
5094,0
4881,1
470,0
6981,0
5245,0
1604,1
6575,0
703,0
4612,0
6297,0
5800,0
3419,0
2727,1
4406,1
4035,0
4500,1
4837,1
6623,0
2511,0
6664,1
5925,0
1848,0
4776,1
1327,0
3270,0
3482,0
2933,0
4064,0
793,0
3293,0
3922,0
854,0
487,1
3685,1
1783,0
961,0
3822,0
4647,1
729,0
134,0
494,0
3597,0
1913,0
7146,1
4896,1
3395,0
6749,0
2445,1
884,1
2984,0
4640,0
3952,1
4809,0
2864,1
5115,1
1263,0
4565,1
6174,1
6470,0
6292,0
4103,0
3218,1
5902,1
4678,0
1845,0
2845,1
4383,1
6701,1
1984,0
996,0
4154,0
1047,1
5359,0
404,0
3330,0
3616,0
5378,0
1583,1
1203,0
3301,0
1921,0
2915,0
4366,1
3805,1
6695,1
2429,0
5198,1
7050,0
6316,0
1926,0
5418,1
2904,0
2651,1
3473,0
6216,0
6827,1
3585,0
5904,0
2509,0
5959,1
3653,1
6060,0
6818,0
4732,0
3931,0
3224,0
5945,0
4112,0
1974,0
4968,0
3686,0
2685,0
683,0
1727,1
5604,1
4766,0
6199,1
3916,0
5827,0
5349,0
4301,0
660,0
6116,1
6089,0
3344,0
603,1
5523,0
1278,0
1956,0
1199,0
2267,0
1360,0
3329,1
137,1
868,1
6937,1
6047,1
4304,1
967,1
140,0
5552,0
6896,0
6838,0
7133,1
750,1
5212,1
5098,0
4848,0
1172,1
1028,1
5687,0
6207,0
6097,1
6,1
3576,0
6670,1
3660,1
3124,1
2917,1
6043,0
4503,0
5761,1
5580,1
2015,0
1357,1
3815,1
677,0
4410,0
4372,0
4853,1
998,1
2328,0
3258,1
5757,0
6085,0
1378,0
1147,1
3173,1
5248,1
4495,0
2776,0
4817,0
5583,1
4836,1
3463,0
6583,1
619,0
2877,0
5855,0
2160,0
633,0
3291,1
6545,1
5073,1
3717,1
916,0
4748,0
1656,0
2972,0
181,0
3527,0
1983,1
3403,0
7145,1
5511,1
4512,0
3209,1
2224,1
6352,0
672,0
2133,0
2423,0
149,1
3975,0
3895,1
7189,0
3490,0
1161,0
2692,1
226,1
1347,0
5940,1
824,0
6897,1
717,0
5001,0
362,0
4009,0
6952,0
1256,0
3009,0
7201,1
1266,0
2959,0
2581,0
1462,1
19,0
3655,1
7192,0
5414,0
5554,0
949,1
3594,0
6902,1
6549,0
1131,0
5715,1
269,1
3928,0
2911,0
663,0
4031,0
1990,0
1239,0
4041,0
5328,0
1122,1
7188,0
3214,0
7081,0
5529,1
6956,0
1436,0
6135,1
6440,0
1796,1
4663,1
7123,0
1528,1
7064,0
6679,1
189,0
4762,1
6793,1
1125,1
4434,1
3784,0
3366,1
4418,0
5176,0
5805,0
3475,0
2576,1
114,0
7024,1
3000,0
3725,1
307,1
4579,1
4911,1
1699,0
6473,1
1939,0
5464,0
5514,0
4667,0
1994,1
3735,0
5252,0
1365,0
2640,0
1977,0
3711,1
2413,0
4789,1
7044,0
3640,0
5307,0
4358,1
6332,0
2404,0
5810,0
4266,0
7118,1
737,0
6889,0
317,0
6713,0
3947,0
4754,0
6468,1
2115,0
5530,0
7199,1
2797,1
6747,0
2299,1
3491,0
573,0
2163,0
2036,0
3416,0
3768,0
171,0
6588,0
2332,1
1609,1
3296,0
777,0
2106,0
2941,0
3978,0
5008,0
1356,0
3829,0
719,1
4195,0
2264,1
234,0
3440,0
2729,0
5127,1
897,1
5249,1
4932,1
3809,1
239,0
4116,1
5759,0
6469,0
2035,0
6784,0
3261,0
2007,0
6042,1
6130,0
6744,1
4074,1
6856,0
999,1
6661,1
5531,0
4796,0
2532,1
823,0
7143,1
3517,1
4327,1
1927,0
4055,1
4194,0
1518,1
5436,1
6570,0
2173,1
6108,0
4403,0
3864,0
7099,0
6710,0
4380,1
4040,0
2347,0
781,1
5582,1
6254,0
4385,0
5152,0
5540,1
6463,0
6523,0
834,1
1508,0
6865,1
5920,0
3140,0
4713,1
1534,0
6417,0
6431,0
2618,0
3861,0
6541,0
2392,1
1798,0
1955,0
6360,1
7125,1
7152,1
4247,0
6723,0
6011,0
5711,0
3163,1
3586,0
1879,1
3204,1
3079,0
6927,0
3698,0
3878,0
2024,0
6165,0
1254,1
5406,1
3794,0
1972,1
2065,0
7043,0
4902,0
5976,0
664,0
3274,0
1010,0
1743,0
6998,0
5997,0
243,0
5237,1
1020,0
5246,1
592,0
1217,0
4487,1
3160,0
6530,0
5907,0
1847,0
3257,0
7014,1
3207,1
938,1
6848,1
4268,0
2876,0
5365,0
3636,0
5693,0
6978,0
237,1
3630,1
2666,0
4171,1
6899,1
5222,1
5267,1
6787,0
466,1
6572,0
6139,1
1760,1
3165,1
2380,0
6129,1
6376,1
3012,0
74,1
4535,0
2420,0
6162,0
579,0
452,0
5676,0
4670,0
5707,0
1273,0
1030,0
406,0
1204,0
1500,1
4441,1
5310,0
3915,0
5738,0
1178,0
2327,0
5024,1
192,1
6646,0
5603,0
1765,0
4490,0
6100,1
3064,0
4060,0
1209,0
3601,0
4601,0
1867,0
2295,0
3691,0
39,0
4693,0
907,0
2999,1
1736,0
6404,0
1602,1
3063,1
3311,1
2395,0
291,0
2419,1
2771,1
709,1
2854,0
6298,0
3387,0
762,1
4542,0
4165,0
3748,0
1797,0
1492,0
2229,1
5435,0
3523,1
3211,0
225,1
2121,1
1154,0
3228,1
2402,1
3002,1
1279,0
559,0
3406,1
5659,0
4819,0
3966,0
5314,0
1399,0
5901,0
6202,0
2851,0
6563,1
2805,0
900,0
1982,0
152,0
3427,1
3713,1
4039,1
6527,0
5167,0
6229,1
551,1
6717,0
3622,0
4413,1
6063,1
6101,0
6295,1
1006,0
